distrito,year,month,mes_nome,temperatura_media,temperatura_max,temperatura_min,precipitacao_total_mm
Alcobaça,2015,1,Janeiro,8.6,15.17,2.03,88.0
Alcobaça,2015,2,Fevereiro,9.74,14.49,4.99,56.7
Alcobaça,2015,3,Março,12.32,18.14,6.49,14.4
Alcobaça,2015,4,Abril,14.72,21.38,8.06,36.5
Alcobaça,2015,5,Maio,17.25,24.25,10.24,33.3
Alcobaça,2015,6,Junho,19.75,26.05,13.45,11.6
Alcobaça,2015,7,Julho,20.81,25.68,15.94,2.1
Alcobaça,2015,8,Agosto,20.93,26.76,15.11,2.0
Alcobaça,2015,9,Setembro,18.23,23.99,12.47,25.0
Alcobaça,2015,10,Outubro,17.58,23.04,12.12,88.8
Alcobaça,2015,11,Novembro,13.4,20.27,6.53,54.2
Alcobaça,2015,12,Dezembro,13.15,18.39,7.92,68.5
Alcobaça,2016,1,Janeiro,11.82,16.09,7.55,182.7
Alcobaça,2016,2,Fevereiro,10.97,15.37,6.56,190.5
Alcobaça,2016,3,Março,10.82,15.97,5.66,70.7
Alcobaça,2016,4,Abril,13.55,18.2,8.89,106.0
Alcobaça,2016,5,Maio,15.82,20.89,10.74,152.7
Alcobaça,2016,6,Junho,19.01,24.51,13.51,12.0
Alcobaça,2016,7,Julho,21.45,28.38,14.52,0.3
Alcobaça,2016,8,Agosto,21.31,28.51,14.1,2.7
Alcobaça,2016,9,Setembro,19.86,26.74,12.98,12.9
Alcobaça,2016,10,Outubro,18.14,23.75,12.53,34.8
Alcobaça,2016,11,Novembro,12.3,18.2,6.4,158.6
Alcobaça,2016,12,Dezembro,11.27,17.53,5.01,68.5
Alcobaça,2017,1,Janeiro,8.12,15.06,1.18,49.1
Alcobaça,2017,2,Fevereiro,11.85,16.93,6.76,93.7
Alcobaça,2017,3,Março,13.04,18.37,7.71,131.4
Alcobaça,2017,4,Abril,16.2,23.29,9.11,9.5
Alcobaça,2017,5,Maio,18.09,24.51,11.66,52.8
Alcobaça,2017,6,Junho,20.5,26.27,14.73,2.1
Alcobaça,2017,7,Julho,21.0,26.1,15.91,0.3
Alcobaça,2017,8,Agosto,21.14,27.35,14.93,1.3
Alcobaça,2017,9,Setembro,18.44,25.2,11.68,1.6
Alcobaça,2017,10,Outubro,18.69,27.47,9.91,38.9
Alcobaça,2017,11,Novembro,12.43,19.56,5.29,43.6
Alcobaça,2017,12,Dezembro,9.7,16.08,3.31,94.3
Alcobaça,2018,1,Janeiro,9.54,15.19,3.89,99.5
Alcobaça,2018,2,Fevereiro,8.68,15.42,1.94,41.2
Alcobaça,2018,3,Março,11.59,15.45,7.73,289.7
Alcobaça,2018,4,Abril,13.72,19.13,8.31,174.9
Alcobaça,2018,5,Maio,15.86,21.43,10.3,33.0
Alcobaça,2018,6,Junho,19.02,23.56,14.49,14.2
Alcobaça,2018,7,Julho,20.55,24.81,16.29,17.5
Alcobaça,2018,8,Agosto,22.39,29.54,15.23,3.5
Alcobaça,2018,9,Setembro,21.88,29.18,14.57,0.3
Alcobaça,2018,10,Outubro,16.86,24.05,9.67,80.1
Alcobaça,2018,11,Novembro,12.63,17.41,7.86,215.7
Alcobaça,2018,12,Dezembro,11.36,17.48,5.24,62.4
Alcobaça,2019,1,Janeiro,8.59,15.54,1.63,50.5
Alcobaça,2019,2,Fevereiro,10.99,18.06,3.92,56.6
Alcobaça,2019,3,Março,12.88,20.22,5.55,45.5
Alcobaça,2019,4,Abril,13.47,18.57,8.36,137.4
Alcobaça,2019,5,Maio,17.24,24.19,10.29,28.2
Alcobaça,2019,6,Junho,17.17,23.32,11.01,16.7
Alcobaça,2019,7,Julho,20.85,25.73,15.96,10.6
Alcobaça,2019,8,Agosto,21.27,26.8,15.75,7.5
Alcobaça,2019,9,Setembro,19.77,27.39,12.15,19.0
Alcobaça,2019,10,Outubro,16.67,22.87,10.47,64.4
Alcobaça,2019,11,Novembro,13.34,17.24,9.45,222.5
Alcobaça,2019,12,Dezembro,11.6,17.19,6.0,155.8
Alcobaça,2020,1,Janeiro,10.19,15.7,4.68,57.4
Alcobaça,2020,2,Fevereiro,12.67,19.0,6.34,27.4
Alcobaça,2020,3,Março,12.72,18.07,7.36,54.2
Alcobaça,2020,4,Abril,14.12,18.76,9.49,135.2
Alcobaça,2020,5,Maio,18.04,24.12,11.95,79.8
Alcobaça,2020,6,Junho,18.28,23.48,13.08,5.3
Alcobaça,2020,7,Julho,22.02,28.62,15.42,2.4
Alcobaça,2020,8,Agosto,21.37,26.43,16.32,25.9
Alcobaça,2020,9,Setembro,20.39,27.67,13.11,36.1
Alcobaça,2020,10,Outubro,15.49,21.5,9.47,40.5
Alcobaça,2020,11,Novembro,14.25,19.9,8.61,109.6
Alcobaça,2020,12,Dezembro,11.11,15.84,6.38,161.1
Aveiro,2015,1,Janeiro,9.25,13.81,4.69,95.3
Aveiro,2015,2,Fevereiro,10.8,14.21,7.39,54.2
Aveiro,2015,3,Março,13.45,17.11,9.8,6.1
Aveiro,2015,4,Abril,16.54,20.8,12.28,61.3
Aveiro,2015,5,Maio,17.88,21.65,14.11,88.3
Aveiro,2015,6,Junho,19.9,23.94,15.87,49.6
Aveiro,2015,7,Julho,20.82,24.37,17.27,1.7
Aveiro,2015,8,Agosto,20.8,24.95,16.65,5.1
Aveiro,2015,9,Setembro,18.62,22.55,14.69,72.1
Aveiro,2015,10,Outubro,18.71,22.3,15.11,152.8
Aveiro,2015,11,Novembro,15.05,19.11,11.0,80.0
Aveiro,2015,12,Dezembro,14.6,18.55,10.64,75.0
Aveiro,2016,1,Janeiro,12.87,16.17,9.57,286.5
Aveiro,2016,2,Fevereiro,12.06,15.28,8.85,222.6
Aveiro,2016,3,Março,12.3,15.89,8.7,65.8
Aveiro,2016,4,Abril,14.32,17.85,10.79,187.3
Aveiro,2016,5,Maio,16.62,19.95,13.29,192.3
Aveiro,2016,6,Junho,19.1,22.34,15.87,23.4
Aveiro,2016,7,Julho,21.0,25.65,16.35,0.3
Aveiro,2016,8,Agosto,21.21,25.96,16.46,6.8
Aveiro,2016,9,Setembro,19.43,23.78,15.08,36.5
Aveiro,2016,10,Outubro,18.67,22.65,14.7,118.4
Aveiro,2016,11,Novembro,13.81,17.82,9.8,171.3
Aveiro,2016,12,Dezembro,12.6,17.31,7.89,67.5
Aveiro,2017,1,Janeiro,9.93,14.71,5.15,103.2
Aveiro,2017,2,Fevereiro,12.96,17.36,8.55,123.8
Aveiro,2017,3,Março,13.93,18.34,9.53,129.5
Aveiro,2017,4,Abril,17.24,22.14,12.33,29.1
Aveiro,2017,5,Maio,18.84,23.15,14.54,112.3
Aveiro,2017,6,Junho,20.23,23.84,16.62,1.2
Aveiro,2017,7,Julho,20.47,24.08,16.87,0.6
Aveiro,2017,8,Agosto,20.77,25.04,16.5,4.7
Aveiro,2017,9,Setembro,18.13,22.34,13.92,5.5
Aveiro,2017,10,Outubro,19.19,25.05,13.33,39.6
Aveiro,2017,11,Novembro,13.99,18.66,9.32,66.1
Aveiro,2017,12,Dezembro,11.32,15.95,6.68,123.4
Aveiro,2018,1,Janeiro,10.91,14.89,6.93,151.3
Aveiro,2018,2,Fevereiro,10.63,15.18,6.07,89.4
Aveiro,2018,3,Março,11.93,15.12,8.75,226.9
Aveiro,2018,4,Abril,13.91,17.59,10.23,163.5
Aveiro,2018,5,Maio,15.96,19.4,12.52,28.4
Aveiro,2018,6,Junho,18.41,21.58,15.24,63.6
Aveiro,2018,7,Julho,20.52,23.59,17.46,4.1
Aveiro,2018,8,Agosto,20.87,25.49,16.25,0.1
Aveiro,2018,9,Setembro,20.33,24.74,15.91,0.2
Aveiro,2018,10,Outubro,17.51,21.99,13.02,87.8
Aveiro,2018,11,Novembro,13.53,16.61,10.44,199.8
Aveiro,2018,12,Dezembro,12.44,16.24,8.64,96.5
Aveiro,2019,1,Janeiro,9.74,14.07,5.4,63.2
Aveiro,2019,2,Fevereiro,12.25,17.25,7.25,47.3
Aveiro,2019,3,Março,13.72,18.44,9.01,47.7
Aveiro,2019,4,Abril,13.88,17.46,10.3,160.9
Aveiro,2019,5,Maio,17.67,22.1,13.23,12.7
Aveiro,2019,6,Junho,17.4,20.98,13.81,45.6
Aveiro,2019,7,Julho,20.34,23.91,16.77,4.1
Aveiro,2019,8,Agosto,20.24,24.08,16.41,27.0
Aveiro,2019,9,Setembro,19.74,24.5,14.98,27.2
Aveiro,2019,10,Outubro,16.93,20.74,13.12,133.7
Aveiro,2019,11,Novembro,13.46,16.22,10.7,201.8
Aveiro,2019,12,Dezembro,12.42,16.0,8.84,210.0
Aveiro,2020,1,Janeiro,11.03,15.02,7.03,90.8
Aveiro,2020,2,Fevereiro,13.56,17.64,9.47,46.6
Aveiro,2020,3,Março,13.02,16.58,9.46,65.9
Aveiro,2020,4,Abril,14.79,18.2,11.39,115.7
Aveiro,2020,5,Maio,18.69,22.59,14.78,59.9
Aveiro,2020,6,Junho,18.28,21.46,15.09,6.9
Aveiro,2020,7,Julho,21.11,25.78,16.43,1.2
Aveiro,2020,8,Agosto,20.08,23.73,16.43,19.2
Aveiro,2020,9,Setembro,20.27,24.77,15.78,53.8
Aveiro,2020,10,Outubro,16.0,19.64,12.36,115.3
Aveiro,2020,11,Novembro,15.14,18.88,11.39,81.1
Aveiro,2020,12,Dezembro,11.48,14.83,8.12,175.3
Beja,2015,1,Janeiro,9.92,14.55,5.3,53.2
Beja,2015,2,Fevereiro,9.54,14.19,4.89,6.8
Beja,2015,3,Março,13.77,20.0,7.54,27.6
Beja,2015,4,Abril,16.39,22.24,10.54,112.4
Beja,2015,5,Maio,21.14,29.38,12.9,6.7
Beja,2015,6,Junho,24.52,32.87,16.16,1.2
Beja,2015,7,Julho,25.43,35.1,15.76,1.0
Beja,2015,8,Agosto,24.5,32.23,16.77,1.0
Beja,2015,9,Setembro,21.3,28.18,14.41,21.3
Beja,2015,10,Outubro,18.71,23.06,14.35,108.8
Beja,2015,11,Novembro,15.19,20.18,10.19,15.7
Beja,2015,12,Dezembro,13.55,17.8,9.29,59.3
Beja,2016,1,Janeiro,11.95,15.57,8.32,105.9
Beja,2016,2,Fevereiro,10.81,14.98,6.65,59.4
Beja,2016,3,Março,11.0,17.01,4.99,38.5
Beja,2016,4,Abril,14.51,20.26,8.76,102.3
Beja,2016,5,Maio,17.09,23.11,11.07,165.2
Beja,2016,6,Junho,22.95,31.23,14.68,0.0
Beja,2016,7,Julho,26.87,35.96,17.78,0.3
Beja,2016,8,Agosto,26.44,35.65,17.23,0.0
Beja,2016,9,Setembro,23.92,31.87,15.96,13.3
Beja,2016,10,Outubro,19.0,25.12,12.89,79.6
Beja,2016,11,Novembro,13.09,17.73,8.45,82.4
Beja,2016,12,Dezembro,11.52,15.91,7.14,81.1
Beja,2017,1,Janeiro,8.97,13.87,4.07,62.64
Beja,2017,2,Fevereiro,11.71,16.02,7.39,48.73
Beja,2017,3,Março,13.44,18.88,7.99,83.5
Beja,2017,4,Abril,17.4,24.56,10.23,4.0
Beja,2017,5,Maio,20.2,27.23,13.16,17.7
Beja,2017,6,Junho,24.53,33.06,16.01,3.4
Beja,2017,7,Julho,25.2,34.81,15.59,0.0
Beja,2017,8,Agosto,25.4,34.63,16.18,21.8
Beja,2017,9,Setembro,22.2,30.83,13.57,0.0
Beja,2017,10,Outubro,22.33,29.11,15.55,18.0
Beja,2017,11,Novembro,14.85,20.28,9.43,63.9
Beja,2017,12,Dezembro,10.38,15.11,5.65,40.1
Beja,2018,1,Janeiro,9.7,14.19,5.21,54.2
Beja,2018,2,Fevereiro,9.88,15.21,4.56,13.8
Beja,2018,3,Março,11.49,15.71,7.27,166.78
Beja,2018,4,Abril,14.19,19.6,8.78,80.4
Beja,2018,5,Maio,16.8,23.12,10.48,52.8
Beja,2018,6,Junho,20.6,27.8,13.4,19.2
Beja,2018,7,Julho,22.31,30.51,14.12,2.0
Beja,2018,8,Agosto,26.85,36.11,17.58,0.3
Beja,2018,9,Setembro,25.05,32.77,17.33,4.2
Beja,2018,10,Outubro,18.02,23.55,12.49,77.8
Beja,2018,11,Novembro,12.92,16.87,8.97,97.9
Beja,2018,12,Dezembro,11.27,15.89,6.65,12.1
Beja,2019,1,Janeiro,9.48,14.37,4.59,21.9
Beja,2019,2,Fevereiro,11.54,17.1,5.99,51.8
Beja,2019,3,Março,14.26,20.65,7.87,10.9
Beja,2019,4,Abril,13.93,19.78,8.07,67.4
Beja,2019,5,Maio,20.21,28.19,12.24,1.8
Beja,2019,6,Junho,20.52,28.64,12.39,1.1
Beja,2019,7,Julho,23.49,31.85,15.13,0.2
Beja,2019,8,Agosto,24.26,33.14,15.39,4.9
Beja,2019,9,Setembro,22.77,30.52,15.03,5.4
Beja,2019,10,Outubro,18.44,24.73,12.15,31.2
Beja,2019,11,Novembro,13.21,17.22,9.19,63.1
Beja,2019,12,Dezembro,12.2,16.23,8.18,99.5
Beja,2020,1,Janeiro,10.36,14.39,6.33,39.3
Beja,2020,2,Fevereiro,13.4,18.85,7.96,1.2
Beja,2020,3,Março,13.25,18.79,7.72,43.1
Beja,2020,4,Abril,14.62,19.65,9.6,95.8
Beja,2020,5,Maio,20.03,27.02,13.04,46.0
Beja,2020,6,Junho,20.78,29.07,12.49,0.2
Beja,2020,7,Julho,26.66,36.73,16.59,0.0
Beja,2020,8,Agosto,24.26,32.88,15.65,0.0
Beja,2020,9,Setembro,22.93,29.98,15.89,9.27
Beja,2020,10,Outubro,17.3,23.33,11.26,83.15
Beja,2020,11,Novembro,14.92,18.88,10.97,53.95
Beja,2020,12,Dezembro,10.91,14.43,7.4,42.31
Braga,2015,1,Janeiro,7.14,13.52,0.76,140.8
Braga,2015,2,Fevereiro,7.83,12.61,3.06,100.6
Braga,2015,3,Março,11.55,17.85,5.25,19.7
Braga,2015,4,Abril,14.66,21.03,8.29,94.3
Braga,2015,5,Maio,17.87,24.49,11.24,118.0
Braga,2015,6,Junho,20.43,27.41,13.45,26.3
Braga,2015,7,Julho,21.13,28.24,14.02,74.3
Braga,2015,8,Agosto,20.23,27.07,13.38,70.5
Braga,2015,9,Setembro,18.57,26.02,11.13,114.8
Braga,2015,10,Outubro,17.13,22.61,11.65,241.6
Braga,2015,11,Novembro,13.75,19.75,7.75,46.1
Braga,2015,12,Dezembro,11.82,17.7,5.93,210.3
Braga,2016,1,Janeiro,10.5,14.73,6.27,468.4
Braga,2016,2,Fevereiro,9.87,14.56,5.19,223.2
Braga,2016,3,Março,10.99,16.62,5.35,216.1
Braga,2016,4,Abril,13.11,18.7,7.52,207.4
Braga,2016,5,Maio,16.05,21.55,10.55,205.7
Braga,2016,6,Junho,20.37,27.06,13.67,34.5
Braga,2016,7,Julho,23.99,32.76,15.22,0.0
Braga,2016,8,Agosto,23.14,32.24,14.05,12.1
Braga,2016,9,Setembro,19.73,28.03,11.42,44.8
Braga,2016,10,Outubro,16.66,23.03,10.3,118.4
Braga,2016,11,Novembro,11.25,16.9,5.6,157.6
Braga,2016,12,Dezembro,9.98,16.87,3.08,72.3
Braga,2017,1,Janeiro,7.56,14.4,0.72,108.4
Braga,2017,2,Fevereiro,11.22,16.79,5.65,190.5
Braga,2017,3,Março,12.21,18.37,6.04,97.0
Braga,2017,4,Abril,15.61,23.56,7.66,23.4
Braga,2017,5,Maio,18.27,24.71,11.82,173.0
Braga,2017,6,Junho,21.14,28.35,13.94,30.8
Braga,2017,7,Julho,21.54,28.67,14.42,23.3
Braga,2017,8,Agosto,21.52,29.58,13.46,8.1
Braga,2017,9,Setembro,18.33,26.15,10.51,9.6
Braga,2017,10,Outubro,17.95,27.09,8.82,59.7
Braga,2017,11,Novembro,11.35,18.83,3.86,113.7
Braga,2017,12,Dezembro,8.91,14.99,2.83,198.9
Braga,2018,1,Janeiro,8.83,14.12,3.54,175.5
Braga,2018,2,Fevereiro,8.45,14.16,2.74,100.6
Braga,2018,3,Março,10.0,14.31,5.68,391.7
Braga,2018,4,Abril,13.64,19.26,8.01,167.4
Braga,2018,5,Maio,16.6,22.95,10.25,43.6
Braga,2018,6,Junho,19.82,25.67,13.97,76.2
Braga,2018,7,Julho,20.93,26.45,15.41,13.6
Braga,2018,8,Agosto,23.44,32.22,14.65,6.0
Braga,2018,9,Setembro,22.04,30.28,13.79,6.7
Braga,2018,10,Outubro,16.42,23.41,9.43,117.8
Braga,2018,11,Novembro,12.07,16.38,7.76,273.1
Braga,2018,12,Dezembro,11.4,16.34,6.46,138.0
Braga,2019,1,Janeiro,8.05,15.13,0.96,89.3
Braga,2019,2,Fevereiro,10.26,17.84,2.67,62.1
Braga,2019,3,Março,12.67,20.06,5.29,119.8
Braga,2019,4,Abril,12.86,18.86,6.85,201.5
Braga,2019,5,Maio,17.55,25.19,9.92,18.0
Braga,2019,6,Junho,17.54,24.0,11.09,28.8
Braga,2019,7,Julho,21.46,28.23,14.7,10.2
Braga,2019,8,Agosto,21.04,28.05,14.03,38.9
Braga,2019,9,Setembro,20.37,27.67,13.07,29.0
Braga,2019,10,Outubro,16.02,21.47,10.57,212.1
Braga,2019,11,Novembro,11.81,15.57,8.05,259.2
Braga,2019,12,Dezembro,10.65,16.09,5.21,348.8
Braga,2020,1,Janeiro,9.2,14.9,3.49,138.9
Braga,2020,2,Fevereiro,12.59,18.22,6.97,66.9
Braga,2020,3,Março,12.66,18.52,6.8,108.7
Braga,2020,4,Abril,14.48,19.44,9.52,120.6
Braga,2020,5,Maio,19.75,26.31,13.2,47.5
Braga,2020,6,Junho,19.16,25.22,13.1,18.7
Braga,2020,7,Julho,24.58,33.15,16.02,0.4
Braga,2020,8,Agosto,21.33,28.48,14.17,24.6
Braga,2020,9,Setembro,20.85,28.57,13.14,47.5
Braga,2020,10,Outubro,14.78,20.25,9.31,152.3
Braga,2020,11,Novembro,13.53,19.06,8.0,73.4
Braga,2020,12,Dezembro,9.33,14.16,4.49,212.1
Bragança,2015,1,Janeiro,3.57,8.6,-1.46,48.0
Bragança,2015,2,Fevereiro,5.71,9.93,1.49,18.2
Bragança,2015,3,Março,10.3,17.15,3.45,2.3
Bragança,2015,4,Abril,12.44,18.57,6.31,48.8
Bragança,2015,5,Maio,16.07,23.46,8.68,45.2
Bragança,2015,6,Junho,20.73,28.46,13.01,58.0
Bragança,2015,7,Julho,23.72,31.99,15.45,2.4
Bragança,2015,8,Agosto,21.26,29.24,13.29,5.5
Bragança,2015,9,Setembro,17.4,24.7,10.1,78.0
Bragança,2015,10,Outubro,13.22,17.74,8.69,166.3
Bragança,2015,11,Novembro,9.52,14.39,4.65,51.9
Bragança,2015,12,Dezembro,5.98,10.08,1.88,69.6
Bragança,2016,1,Janeiro,6.57,10.08,3.06,258.0
Bragança,2016,2,Fevereiro,6.59,11.12,2.06,136.9
Bragança,2016,3,Março,7.85,13.53,2.17,59.7
Bragança,2016,4,Abril,10.06,15.49,4.63,175.3
Bragança,2016,5,Maio,13.5,19.08,7.91,104.6
Bragança,2016,6,Junho,19.22,26.84,11.61,8.5
Bragança,2016,7,Julho,23.67,32.36,14.97,0.5
Bragança,2016,8,Agosto,23.47,32.11,14.84,10.1
Bragança,2016,9,Setembro,19.52,27.45,11.58,21.7
Bragança,2016,10,Outubro,14.48,20.45,8.52,65.6
Bragança,2016,11,Novembro,7.69,12.72,2.66,82.9
Bragança,2016,12,Dezembro,5.29,10.14,0.45,47.3
Bragança,2017,1,Janeiro,4.13,10.12,-1.86,46.3
Bragança,2017,2,Fevereiro,7.88,12.87,2.9,181.9
Bragança,2017,3,Março,10.15,16.05,4.24,48.2
Bragança,2017,4,Abril,13.68,21.56,5.8,14.4
Bragança,2017,5,Maio,16.9,23.27,10.53,77.6
Bragança,2017,6,Junho,22.1,29.82,14.38,5.8
Bragança,2017,7,Julho,22.63,31.31,13.95,6.6
Bragança,2017,8,Agosto,22.45,30.89,14.01,5.3
Bragança,2017,9,Setembro,18.11,26.47,9.75,0.0
Bragança,2017,10,Outubro,16.23,24.84,7.61,17.2
Bragança,2017,11,Novembro,8.0,15.26,0.75,45.3
Bragança,2017,12,Dezembro,5.51,10.78,0.25,110.0
Bragança,2018,1,Janeiro,5.85,10.76,0.94,60.4
Bragança,2018,2,Fevereiro,4.39,10.49,-1.72,35.1
Bragança,2018,3,Março,6.43,10.78,2.07,256.3
Bragança,2018,4,Abril,11.41,16.97,5.86,89.8
Bragança,2018,5,Maio,14.99,21.65,8.33,37.7
Bragança,2018,6,Junho,19.22,25.43,13.0,103.9
Bragança,2018,7,Julho,21.09,27.93,14.24,28.5
Bragança,2018,8,Agosto,23.63,32.27,14.98,0.0
Bragança,2018,9,Setembro,21.7,29.77,13.62,20.8
Bragança,2018,10,Outubro,13.43,19.74,7.11,46.7
Bragança,2018,11,Novembro,8.04,11.9,4.17,197.6
Bragança,2018,12,Dezembro,7.05,11.21,2.89,55.2
Bragança,2019,1,Janeiro,5.04,11.08,-1.0,29.0
Bragança,2019,2,Fevereiro,7.32,14.29,0.35,36.1
Bragança,2019,3,Março,9.99,17.1,2.89,28.1
Bragança,2019,4,Abril,10.53,16.05,5.02,103.6
Bragança,2019,5,Maio,15.79,23.53,8.06,9.2
Bragança,2019,6,Junho,17.28,24.54,10.02,31.4
Bragança,2019,7,Julho,22.86,30.84,14.89,23.1
Bragança,2019,8,Agosto,21.83,29.78,13.88,21.0
Bragança,2019,9,Setembro,18.84,26.03,11.65,18.8
Bragança,2019,10,Outubro,14.23,19.78,8.67,80.7
Bragança,2019,11,Novembro,8.77,11.94,5.59,112.2
Bragança,2019,12,Dezembro,6.62,10.95,2.3,247.6
Bragança,2020,1,Janeiro,4.95,9.25,0.64,62.3
Bragança,2020,2,Fevereiro,9.46,15.49,3.43,8.3
Bragança,2020,3,Março,10.01,15.68,4.34,86.9
Bragança,2020,4,Abril,12.14,16.93,7.35,136.6
Bragança,2020,5,Maio,17.81,24.63,11.0,33.0
Bragança,2020,6,Junho,18.74,26.01,11.47,5.1
Bragança,2020,7,Julho,24.84,33.5,16.18,22.4
Bragança,2020,8,Agosto,21.3,28.88,13.72,80.9
Bragança,2020,9,Setembro,19.0,26.09,11.9,57.0
Bragança,2020,10,Outubro,12.27,17.74,6.8,111.5
Bragança,2020,11,Novembro,9.85,14.16,5.53,116.1
Bragança,2020,12,Dezembro,5.86,9.65,2.06,83.2
Castelo Branco,2015,1,Janeiro,7.95,12.78,3.13,38.1
Castelo Branco,2015,2,Fevereiro,8.47,13.18,3.77,8.6
Castelo Branco,2015,3,Março,13.16,19.45,6.86,17.9
Castelo Branco,2015,4,Abril,15.32,20.57,10.07,66.9
Castelo Branco,2015,5,Maio,20.34,27.15,13.52,9.6
Castelo Branco,2015,6,Junho,24.24,31.7,16.78,23.0
Castelo Branco,2015,7,Julho,26.25,35.0,17.49,8.2
Castelo Branco,2015,8,Agosto,24.38,32.33,16.42,0.0
Castelo Branco,2015,9,Setembro,21.09,27.88,14.31,20.5
Castelo Branco,2015,10,Outubro,16.95,21.05,12.85,156.0
Castelo Branco,2015,11,Novembro,13.77,18.4,9.15,45.2
Castelo Branco,2015,12,Dezembro,10.42,13.87,6.97,76.2
Castelo Branco,2016,1,Janeiro,9.73,13.01,6.44,107.8
Castelo Branco,2016,2,Fevereiro,9.76,13.8,5.72,53.6
Castelo Branco,2016,3,Março,10.63,15.9,5.35,42.5
Castelo Branco,2016,4,Abril,13.26,18.03,8.48,153.2
Castelo Branco,2016,5,Maio,15.97,20.82,11.11,133.0
Castelo Branco,2016,6,Junho,22.36,29.38,15.34,1.5
Castelo Branco,2016,7,Julho,27.19,35.03,19.35,15.3
Castelo Branco,2016,8,Agosto,27.17,35.15,19.19,1.4
Castelo Branco,2016,9,Setembro,23.52,30.7,16.33,10.6
Castelo Branco,2016,10,Outubro,17.97,23.56,12.38,101.8
Castelo Branco,2016,11,Novembro,11.6,15.87,7.33,174.5
Castelo Branco,2016,12,Dezembro,9.91,13.94,5.88,46.7
Castelo Branco,2017,1,Janeiro,7.79,12.51,3.07,42.1
Castelo Branco,2017,2,Fevereiro,10.72,15.18,6.27,104.1
Castelo Branco,2017,3,Março,12.36,17.74,6.99,69.7
Castelo Branco,2017,4,Abril,16.72,23.17,10.28,5.2
Castelo Branco,2017,5,Maio,19.41,25.4,13.42,50.0
Castelo Branco,2017,6,Junho,24.74,32.59,16.89,13.2
Castelo Branco,2017,7,Julho,25.7,34.12,17.28,3.7
Castelo Branco,2017,8,Agosto,25.97,34.14,17.8,4.9
Castelo Branco,2017,9,Setembro,22.64,30.26,15.03,0.0
Castelo Branco,2017,10,Outubro,21.14,27.53,14.74,16.6
Castelo Branco,2017,11,Novembro,12.9,17.78,8.02,68.3
Castelo Branco,2017,12,Dezembro,9.4,14.03,4.76,39.7
Castelo Branco,2018,1,Janeiro,9.1,13.78,4.42,53.5
Castelo Branco,2018,2,Fevereiro,8.99,14.03,3.95,48.9
Castelo Branco,2018,3,Março,10.13,14.27,5.98,322.9
Castelo Branco,2018,4,Abril,13.57,18.42,8.72,60.1
Castelo Branco,2018,5,Maio,16.81,22.98,10.65,25.8
Castelo Branco,2018,6,Junho,21.3,27.62,14.97,12.4
Castelo Branco,2018,7,Julho,22.89,30.53,15.25,4.6
Castelo Branco,2018,8,Agosto,28.13,36.05,20.22,1.0
Castelo Branco,2018,9,Setembro,25.49,32.46,18.51,15.5
Castelo Branco,2018,10,Outubro,17.34,22.55,12.12,55.9
Castelo Branco,2018,11,Novembro,11.45,15.16,7.74,167.7
Castelo Branco,2018,12,Dezembro,9.75,13.89,5.62,28.7
Castelo Branco,2019,1,Janeiro,9.18,13.98,4.39,14.0
Castelo Branco,2019,2,Fevereiro,10.58,16.04,5.12,24.8
Castelo Branco,2019,3,Março,13.33,19.45,7.21,28.5
Castelo Branco,2019,4,Abril,13.43,18.64,8.21,91.4
Castelo Branco,2019,5,Maio,19.61,26.49,12.73,11.4
Castelo Branco,2019,6,Junho,20.23,27.43,13.03,11.7
Castelo Branco,2019,7,Julho,24.65,32.76,16.54,2.2
Castelo Branco,2019,8,Agosto,25.34,33.18,17.5,14.6
Castelo Branco,2019,9,Setembro,22.67,29.73,15.6,14.7
Castelo Branco,2019,10,Outubro,17.82,23.45,12.2,43.1
Castelo Branco,2019,11,Novembro,12.06,15.46,8.67,79.3
Castelo Branco,2019,12,Dezembro,10.62,14.39,6.86,222.7
Castelo Branco,2020,1,Janeiro,8.77,12.54,5.01,64.8
Castelo Branco,2020,2,Fevereiro,12.34,17.37,7.31,5.0
Castelo Branco,2020,3,Março,12.72,17.62,7.82,66.6
Castelo Branco,2020,4,Abril,14.05,18.75,9.35,130.2
Castelo Branco,2020,5,Maio,19.92,25.75,14.08,43.9
Castelo Branco,2020,6,Junho,20.93,27.93,13.92,26.6
Castelo Branco,2020,7,Julho,28.24,36.55,19.94,0.2
Castelo Branco,2020,8,Agosto,25.03,32.98,17.08,0.1
Castelo Branco,2020,9,Setembro,22.77,29.05,16.49,26.5
Castelo Branco,2020,10,Outubro,15.93,21.14,10.73,135.0
Castelo Branco,2020,11,Novembro,12.85,16.27,9.43,120.4
Castelo Branco,2020,12,Dezembro,9.19,12.62,5.77,45.0
Coimbra,2015,1,Janeiro,8.49,14.75,2.23,91.8
Coimbra,2015,2,Fevereiro,9.62,14.25,4.99,59.0
Coimbra,2015,3,Março,13.4,19.2,7.6,15.4
Coimbra,2015,4,Abril,16.2,22.37,10.03,33.8
Coimbra,2015,5,Maio,18.8,25.65,11.95,62.1
Coimbra,2015,6,Junho,21.52,28.36,14.68,11.6
Coimbra,2015,7,Julho,22.2,28.47,15.93,0.8
Coimbra,2015,8,Agosto,22.19,29.13,15.26,7.6
Coimbra,2015,9,Setembro,19.77,26.45,13.09,38.4
Coimbra,2015,10,Outubro,18.03,22.9,13.16,112.3
Coimbra,2015,11,Novembro,14.52,20.41,8.63,40.4
Coimbra,2015,12,Dezembro,13.5,18.49,8.52,59.5
Coimbra,2016,1,Janeiro,12.02,16.0,8.05,199.9
Coimbra,2016,2,Fevereiro,10.87,15.47,6.26,188.0
Coimbra,2016,3,Março,11.3,16.92,5.68,47.4
Coimbra,2016,4,Abril,14.36,19.41,9.31,120.6
Coimbra,2016,5,Maio,16.75,21.7,11.79,119.2
Coimbra,2016,6,Junho,20.18,26.28,14.08,18.6
Coimbra,2016,7,Julho,23.22,31.05,15.4,2.6
Coimbra,2016,8,Agosto,23.23,31.43,15.03,1.1
Coimbra,2016,9,Setembro,21.0,28.7,13.3,22.1
Coimbra,2016,10,Outubro,18.97,24.8,13.13,49.5
Coimbra,2016,11,Novembro,12.54,18.1,6.99,127.9
Coimbra,2016,12,Dezembro,11.15,16.86,5.43,76.2
Coimbra,2017,1,Janeiro,9.07,15.23,2.91,36.1
Coimbra,2017,2,Fevereiro,12.38,17.63,7.13,62.8
Coimbra,2017,3,Março,13.7,19.21,8.19,60.4
Coimbra,2017,4,Abril,17.53,24.81,10.26,9.5
Coimbra,2017,5,Maio,19.1,25.67,12.54,68.7
Coimbra,2017,6,Junho,21.64,28.26,15.02,11.8
Coimbra,2017,7,Julho,21.88,28.61,15.14,5.3
Coimbra,2017,8,Agosto,22.44,30.48,14.39,21.9
Coimbra,2017,9,Setembro,19.65,27.52,11.77,3.2
Coimbra,2017,10,Outubro,19.78,28.57,10.98,28.3
Coimbra,2017,11,Novembro,13.19,20.0,6.38,56.4
Coimbra,2017,12,Dezembro,10.03,15.91,4.15,105.3
Coimbra,2018,1,Janeiro,9.75,14.91,4.59,72.2
Coimbra,2018,2,Fevereiro,9.38,15.68,3.09,56.1
Coimbra,2018,3,Março,11.48,15.5,7.45,305.8
Coimbra,2018,4,Abril,14.17,19.51,8.83,142.4
Coimbra,2018,5,Maio,16.56,22.38,10.75,33.8
Coimbra,2018,6,Junho,19.53,24.28,14.78,61.9
Coimbra,2018,7,Julho,21.09,25.83,16.35,16.9
Coimbra,2018,8,Agosto,23.29,31.16,15.41,0.4
Coimbra,2018,9,Setembro,22.73,30.92,14.53,3.3
Coimbra,2018,10,Outubro,17.33,24.31,10.34,80.7
Coimbra,2018,11,Novembro,13.26,17.34,9.17,270.9
Coimbra,2018,12,Dezembro,11.95,16.94,6.95,66.4
Coimbra,2019,1,Janeiro,9.2,15.52,2.88,69.8
Coimbra,2019,2,Fevereiro,11.91,18.77,5.05,66.3
Coimbra,2019,3,Março,13.83,20.79,6.87,63.0
Coimbra,2019,4,Abril,14.12,19.23,9.01,183.9
Coimbra,2019,5,Maio,18.28,25.04,11.52,24.7
Coimbra,2019,6,Junho,17.69,23.77,11.6,33.8
Coimbra,2019,7,Julho,21.89,27.88,15.9,4.1
Coimbra,2019,8,Agosto,22.23,28.54,15.92,19.4
Coimbra,2019,9,Setembro,20.75,28.01,13.48,18.8
Coimbra,2019,10,Outubro,16.98,22.88,11.08,74.7
Coimbra,2019,11,Novembro,13.03,16.77,9.28,286.4
Coimbra,2019,12,Dezembro,12.14,16.51,7.77,144.9
Coimbra,2020,1,Janeiro,10.55,15.45,5.65,42.7
Coimbra,2020,2,Fevereiro,13.48,19.11,7.84,21.3
Coimbra,2020,3,Março,13.41,18.59,8.24,58.3
Coimbra,2020,4,Abril,14.84,19.45,10.23,141.2
Coimbra,2020,5,Maio,19.3,25.51,13.1,23.2
Coimbra,2020,6,Junho,19.01,24.7,13.32,11.4
Coimbra,2020,7,Julho,23.85,31.87,15.83,11.8
Coimbra,2020,8,Agosto,22.0,28.1,15.9,36.6
Coimbra,2020,9,Setembro,21.46,29.1,13.83,44.6
Coimbra,2020,10,Outubro,15.97,21.54,10.4,71.7
Coimbra,2020,11,Novembro,14.97,19.8,10.14,49.8
Coimbra,2020,12,Dezembro,10.49,14.91,6.07,108.5
Faro,2015,1,Janeiro,11.9,16.78,7.01,40.4
Faro,2015,2,Fevereiro,12.33,16.31,8.35,11.2
Faro,2015,3,Março,15.05,19.58,10.52,17.0
Faro,2015,4,Abril,17.35,20.81,13.89,13.9
Faro,2015,5,Maio,21.5,25.97,17.02,0.0
Faro,2015,6,Junho,23.28,27.42,19.14,0.9
Faro,2015,7,Julho,26.32,31.28,21.35,0.0
Faro,2015,8,Agosto,24.02,28.17,19.86,0.0
Faro,2015,9,Setembro,21.25,24.97,17.53,0.5
Faro,2015,10,Outubro,19.66,22.45,16.87,119.5
Faro,2015,11,Novembro,16.68,20.64,12.71,105.1
Faro,2015,12,Dezembro,15.98,19.04,12.93,34.5
Faro,2016,1,Janeiro,14.35,17.46,11.25,30.8
Faro,2016,2,Fevereiro,13.71,17.24,10.19,21.7
Faro,2016,3,Março,13.05,17.76,8.33,4.0
Faro,2016,4,Abril,16.33,19.84,12.82,39.2
Faro,2016,5,Maio,19.1,23.0,15.21,119.8
Faro,2016,6,Junho,23.51,28.42,18.6,0.0
Faro,2016,7,Julho,25.97,30.57,21.37,0.0
Faro,2016,8,Agosto,26.34,31.01,21.68,0.0
Faro,2016,9,Setembro,23.71,28.05,19.36,9.3
Faro,2016,10,Outubro,20.03,23.65,16.4,74.1
Faro,2016,11,Novembro,15.77,19.59,11.95,81.4
Faro,2016,12,Dezembro,14.53,17.76,11.29,95.4
Faro,2017,1,Janeiro,12.02,16.36,7.68,29.3
Faro,2017,2,Fevereiro,13.86,17.1,10.62,83.7
Faro,2017,3,Março,15.08,19.05,11.12,78.4
Faro,2017,4,Abril,18.05,21.99,14.1,21.2
Faro,2017,5,Maio,20.48,24.42,16.54,25.2
Faro,2017,6,Junho,24.98,29.76,20.21,0.0
Faro,2017,7,Julho,25.24,30.2,20.27,0.0
Faro,2017,8,Agosto,25.39,29.99,20.79,5.6
Faro,2017,9,Setembro,22.77,27.36,18.19,0.0
Faro,2017,10,Outubro,22.13,26.15,18.1,7.5
Faro,2017,11,Novembro,16.99,20.97,13.0,27.5
Faro,2017,12,Dezembro,12.97,17.2,8.74,39.9
Faro,2018,1,Janeiro,12.26,16.79,7.73,36.0
Faro,2018,2,Fevereiro,11.86,16.2,7.51,19.2
Faro,2018,3,Março,14.09,17.4,10.79,113.9
Faro,2018,4,Abril,15.39,19.12,11.66,90.3
Faro,2018,5,Maio,18.14,22.36,13.92,10.8
Faro,2018,6,Junho,20.8,24.76,16.84,32.7
Faro,2018,7,Julho,22.67,27.19,18.15,0.1
Faro,2018,8,Agosto,26.44,31.26,21.61,0.7
Faro,2018,9,Setembro,24.6,28.34,20.86,1.2
Faro,2018,10,Outubro,19.87,23.37,16.38,48.1
Faro,2018,11,Novembro,15.46,18.77,12.14,81.1
Faro,2018,12,Dezembro,13.82,18.07,9.57,5.9
Faro,2019,1,Janeiro,12.17,16.9,7.45,6.7
Faro,2019,2,Fevereiro,13.58,17.7,9.46,31.1
Faro,2019,3,Março,16.06,20.42,11.7,4.9
Faro,2019,4,Abril,15.97,20.1,11.85,33.3
Faro,2019,5,Maio,20.86,25.54,16.18,0.0
Faro,2019,6,Junho,20.94,25.38,16.49,0.4
Faro,2019,7,Julho,22.99,27.17,18.8,0.0
Faro,2019,8,Agosto,24.78,29.32,20.24,0.0
Faro,2019,9,Setembro,22.9,26.86,18.94,1.0
Faro,2019,10,Outubro,19.37,23.25,15.48,23.8
Faro,2019,11,Novembro,15.65,19.17,12.13,26.6
Faro,2019,12,Dezembro,14.2,17.73,10.68,48.4
Faro,2020,1,Janeiro,12.77,16.55,8.98,29.6
Faro,2020,2,Fevereiro,15.17,19.5,10.83,0.9
Faro,2020,3,Março,15.31,19.45,11.17,75.3
Faro,2020,4,Abril,16.82,20.13,13.51,83.1
Faro,2020,5,Maio,21.09,25.03,17.15,37.5
Faro,2020,6,Junho,22.02,26.36,17.68,12.0
Faro,2020,7,Julho,26.05,30.41,21.7,0.0
Faro,2020,8,Agosto,24.9,29.74,20.07,0.0
Faro,2020,9,Setembro,23.23,26.93,19.54,23.1
Faro,2020,10,Outubro,18.63,22.84,14.42,91.4
Faro,2020,11,Novembro,16.92,19.95,13.89,137.3
Faro,2020,12,Dezembro,13.33,17.06,9.6,45.9
Guarda,2015,1,Janeiro,3.93,7.39,0.47,71.8
Guarda,2015,2,Fevereiro,2.18,5.63,-1.27,27.7
Guarda,2015,3,Março,8.83,13.63,4.03,21.7
Guarda,2015,4,Abril,11.19,15.86,6.53,59.0
Guarda,2015,5,Maio,15.18,21.08,9.27,44.4
Guarda,2015,6,Junho,20.01,26.2,13.82,33.3
Guarda,2015,7,Julho,21.65,28.74,14.55,24.8
Guarda,2015,8,Agosto,19.8,26.3,13.31,1.4
Guarda,2015,9,Setembro,16.64,22.06,11.22,55.9
Guarda,2015,10,Outubro,12.34,15.3,9.37,238.1
Guarda,2015,11,Novembro,10.29,13.73,6.86,99.5
Guarda,2015,12,Dezembro,8.04,10.4,5.68,106.4
Guarda,2016,1,Janeiro,6.04,8.57,3.51,242.1
Guarda,2016,2,Fevereiro,5.29,8.4,2.17,145.0
Guarda,2016,3,Março,5.98,10.07,1.88,38.8
Guarda,2016,4,Abril,8.53,12.48,4.58,307.4
Guarda,2016,5,Maio,11.44,15.36,7.52,237.9
Guarda,2016,6,Junho,17.56,23.38,11.75,6.8
Guarda,2016,7,Julho,22.6,29.38,15.81,1.2
Guarda,2016,8,Agosto,22.53,29.28,15.79,14.8
Guarda,2016,9,Setembro,19.16,24.75,13.57,27.8
Guarda,2016,10,Outubro,13.74,17.59,9.88,149.6
Guarda,2016,11,Novembro,7.06,9.99,4.13,133.3
Guarda,2016,12,Dezembro,6.29,9.45,3.12,69.5
Guarda,2017,1,Janeiro,3.9,7.25,0.55,54.7
Guarda,2017,2,Fevereiro,6.39,10.06,2.72,178.3
Guarda,2017,3,Março,8.23,12.31,4.15,67.1
Guarda,2017,4,Abril,12.69,18.17,7.2,15.6
Guarda,2017,5,Maio,15.06,19.93,10.2,76.6
Guarda,2017,6,Junho,20.6,26.67,14.52,3.1
Guarda,2017,7,Julho,20.74,27.61,13.86,0.1
Guarda,2017,8,Agosto,21.0,27.77,14.22,4.5
Guarda,2017,9,Setembro,17.52,23.69,11.36,0.1
Guarda,2017,10,Outubro,17.34,22.16,12.51,22.7
Guarda,2017,11,Novembro,8.75,12.25,5.25,89.3
Guarda,2017,12,Dezembro,5.63,8.78,2.49,80.8
Guarda,2018,1,Janeiro,5.13,8.47,1.78,71.6
Guarda,2018,2,Fevereiro,3.67,7.67,-0.33,39.5
Guarda,2018,3,Março,4.62,8.1,1.13,443.4
Guarda,2018,4,Abril,9.13,13.13,5.13,81.6
Guarda,2018,5,Maio,12.5,17.46,7.54,41.8
Guarda,2018,6,Junho,16.44,21.39,11.48,121.7
Guarda,2018,7,Julho,18.54,24.43,12.66,63.5
Guarda,2018,8,Agosto,22.98,29.7,16.27,2.4
Guarda,2018,9,Setembro,21.5,27.06,15.94,20.0
Guarda,2018,10,Outubro,12.26,16.64,7.88,98.7
Guarda,2018,11,Novembro,6.95,9.47,4.44,255.9
Guarda,2018,12,Dezembro,7.44,10.5,4.39,53.3
Guarda,2019,1,Janeiro,5.52,8.9,2.15,31.6
Guarda,2019,2,Fevereiro,7.69,11.48,3.9,56.4
Guarda,2019,3,Março,9.24,14.21,4.27,83.8
Guarda,2019,4,Abril,8.74,13.04,4.45,158.0
Guarda,2019,5,Maio,14.17,20.2,8.15,17.5
Guarda,2019,6,Junho,15.36,21.11,9.61,42.8
Guarda,2019,7,Julho,20.76,27.31,14.21,8.6
Guarda,2019,8,Agosto,20.54,26.91,14.17,3.3
Guarda,2019,9,Setembro,17.62,23.52,11.72,28.3
Guarda,2019,10,Outubro,12.88,16.97,8.8,106.5
Guarda,2019,11,Novembro,7.1,9.79,4.41,214.0
Guarda,2019,12,Dezembro,7.57,10.89,4.25,474.9
Guarda,2020,1,Janeiro,5.48,8.54,2.43,84.9
Guarda,2020,2,Fevereiro,9.32,12.99,5.66,17.1
Guarda,2020,3,Março,8.28,12.33,4.23,94.4
Guarda,2020,4,Abril,9.56,13.21,5.92,247.8
Guarda,2020,5,Maio,15.99,21.21,10.78,80.1
Guarda,2020,6,Junho,15.85,21.33,10.37,10.1
Guarda,2020,7,Julho,23.55,30.21,16.88,7.1
Guarda,2020,8,Agosto,20.17,26.03,14.31,7.0
Guarda,2020,9,Setembro,17.95,22.89,13.0,25.6
Guarda,2020,10,Outubro,11.22,14.89,7.55,121.9
Guarda,2020,11,Novembro,9.41,12.24,6.59,238.7
Guarda,2020,12,Dezembro,4.91,7.38,2.45,120.1
Lisboa,2015,1,Janeiro,10.99,14.26,7.72,90.7
Lisboa,2015,2,Fevereiro,11.27,14.28,8.25,17.9
Lisboa,2015,3,Março,14.37,18.5,10.25,14.8
Lisboa,2015,4,Abril,17.17,21.17,13.17,78.0
Lisboa,2015,5,Maio,20.58,25.2,15.96,4.5
Lisboa,2015,6,Junho,22.77,28.05,17.5,14.0
Lisboa,2015,7,Julho,23.38,28.33,18.43,3.1
Lisboa,2015,8,Agosto,23.34,28.27,18.4,2.2
Lisboa,2015,9,Setembro,20.94,25.44,16.44,6.3
Lisboa,2015,10,Outubro,18.75,21.62,15.87,173.0
Lisboa,2015,11,Novembro,16.25,19.41,13.09,32.9
Lisboa,2015,12,Dezembro,13.75,16.75,10.75,44.8
Lisboa,2016,1,Janeiro,13.61,16.47,10.75,132.8
Lisboa,2016,2,Fevereiro,12.86,15.93,9.78,108.9
Lisboa,2016,3,Março,13.35,17.04,9.67,50.1
Lisboa,2016,4,Abril,15.21,18.97,11.45,139.0
Lisboa,2016,5,Maio,17.5,21.36,13.65,151.0
Lisboa,2016,6,Junho,21.9,26.73,17.06,1.2
Lisboa,2016,7,Julho,24.76,30.21,19.32,1.7
Lisboa,2016,8,Agosto,25.23,30.84,19.62,0.1
Lisboa,2016,9,Setembro,22.91,27.95,17.88,18.6
Lisboa,2016,10,Outubro,19.29,22.92,15.66,69.0
Lisboa,2016,11,Novembro,14.87,17.84,11.9,163.1
Lisboa,2016,12,Dezembro,12.63,15.59,9.67,103.0
Lisboa,2017,1,Janeiro,10.92,14.37,7.47,78.3
Lisboa,2017,2,Fevereiro,13.39,16.7,10.08,103.6
Lisboa,2017,3,Março,14.79,18.83,10.75,80.0
Lisboa,2017,4,Abril,18.67,23.75,13.59,5.5
Lisboa,2017,5,Maio,20.19,24.89,15.49,65.0
Lisboa,2017,6,Junho,23.35,28.64,18.05,0.4
Lisboa,2017,7,Julho,23.21,28.39,18.03,0.6
Lisboa,2017,8,Agosto,23.84,29.47,18.21,6.9
Lisboa,2017,9,Setembro,21.82,26.98,16.67,0.1
Lisboa,2017,10,Outubro,21.6,26.5,16.71,34.9
Lisboa,2017,11,Novembro,15.45,19.0,11.89,72.7
Lisboa,2017,12,Dezembro,12.39,15.92,8.85,55.4
Lisboa,2018,1,Janeiro,12.5,16.01,8.99,81.7
Lisboa,2018,2,Fevereiro,12.11,15.77,8.45,36.5
Lisboa,2018,3,Março,13.2,16.55,9.85,228.7
Lisboa,2018,4,Abril,15.65,19.76,11.54,123.8
Lisboa,2018,5,Maio,18.35,22.89,13.82,9.5
Lisboa,2018,6,Junho,20.99,25.37,16.61,20.2
Lisboa,2018,7,Julho,22.42,26.79,18.05,1.4
Lisboa,2018,8,Agosto,26.02,32.13,19.91,0.0
Lisboa,2018,9,Setembro,24.86,30.15,19.57,0.0
Lisboa,2018,10,Outubro,19.69,23.8,15.58,49.9
Lisboa,2018,11,Novembro,14.84,18.11,11.56,192.7
Lisboa,2018,12,Dezembro,13.37,16.83,9.9,24.5
Lisboa,2019,1,Janeiro,11.85,15.59,8.12,35.3
Lisboa,2019,2,Fevereiro,13.88,18.18,9.59,32.5
Lisboa,2019,3,Março,16.2,20.97,11.43,50.7
Lisboa,2019,4,Abril,16.04,20.52,11.56,64.4
Lisboa,2019,5,Maio,21.22,26.46,15.98,22.8
Lisboa,2019,6,Junho,20.11,24.82,15.4,13.1
Lisboa,2019,7,Julho,22.76,27.45,18.08,1.9
Lisboa,2019,8,Agosto,23.74,29.08,18.4,8.0
Lisboa,2019,9,Setembro,23.03,27.89,18.17,17.6
Lisboa,2019,10,Outubro,19.34,23.18,15.49,49.4
Lisboa,2019,11,Novembro,15.54,18.42,12.65,135.5
Lisboa,2019,12,Dezembro,13.76,16.64,10.89,108.9
Lisboa,2020,1,Janeiro,12.27,15.56,8.98,78.1
Lisboa,2020,2,Fevereiro,14.98,18.87,11.09,12.4
Lisboa,2020,3,Março,15.39,19.41,11.36,23.8
Lisboa,2020,4,Abril,16.06,19.89,12.22,139.9
Lisboa,2020,5,Maio,20.9,25.95,15.84,35.4
Lisboa,2020,6,Junho,21.43,26.42,16.44,2.9
Lisboa,2020,7,Julho,25.58,31.9,19.26,2.0
Lisboa,2020,8,Agosto,24.26,29.68,18.84,0.2
Lisboa,2020,9,Setembro,23.47,28.34,18.6,46.5
Lisboa,2020,10,Outubro,18.4,22.34,14.46,111.3
Lisboa,2020,11,Novembro,15.62,18.4,12.83,115.4
Lisboa,2020,12,Dezembro,12.76,15.81,9.71,101.2
Portalegre,2015,1,Janeiro,9.11,12.18,6.03,67.3
Portalegre,2015,2,Fevereiro,7.8,11.51,4.09,38.1
Portalegre,2015,3,Março,12.92,17.64,8.21,21.7
Portalegre,2015,4,Abril,15.37,20.03,10.71,84.6
Portalegre,2015,5,Maio,21.44,27.6,15.27,4.9
Portalegre,2015,6,Junho,24.96,31.53,18.38,21.1
Portalegre,2015,7,Julho,25.69,33.85,17.52,0.0
Portalegre,2015,8,Agosto,23.71,30.74,16.68,4.7
Portalegre,2015,9,Setembro,20.54,26.29,14.79,18.3
Portalegre,2015,10,Outubro,16.45,19.87,13.03,237.3
Portalegre,2015,11,Novembro,14.62,17.84,11.4,29.2
Portalegre,2015,12,Dezembro,12.43,15.25,9.61,67.6
Portalegre,2016,1,Janeiro,9.19,11.92,6.45,183.3
Portalegre,2016,2,Fevereiro,8.92,12.03,5.8,132.8
Portalegre,2016,3,Março,9.3,13.71,4.88,57.8
Portalegre,2016,4,Abril,12.39,16.71,8.08,135.2
Portalegre,2016,5,Maio,15.24,19.59,10.89,165.5
Portalegre,2016,6,Junho,21.73,27.99,15.47,1.7
Portalegre,2016,7,Julho,26.61,33.98,19.24,5.6
Portalegre,2016,8,Agosto,26.48,33.96,19.0,3.1
Portalegre,2016,9,Setembro,23.31,29.23,17.4,19.2
Portalegre,2016,10,Outubro,18.07,22.55,13.59,100.9
Portalegre,2016,11,Novembro,11.34,14.41,8.27,163.3
Portalegre,2016,12,Dezembro,11.19,14.13,8.25,51.9
Portalegre,2017,1,Janeiro,8.36,11.46,5.26,54.1
Portalegre,2017,2,Fevereiro,10.28,13.79,6.77,85.9
Portalegre,2017,3,Março,12.04,16.27,7.81,100.3
Portalegre,2017,4,Abril,17.02,22.19,11.86,1.4
Portalegre,2017,5,Maio,19.0,24.58,13.41,83.7
Portalegre,2017,6,Junho,23.95,31.14,16.75,2.6
Portalegre,2017,7,Julho,24.91,32.51,17.31,0.0
Portalegre,2017,8,Agosto,25.19,32.75,17.63,2.7
Portalegre,2017,9,Setembro,22.43,28.67,16.2,0.0
Portalegre,2017,10,Outubro,21.83,26.38,17.28,27.5
Portalegre,2017,11,Novembro,13.76,17.34,10.17,32.5
Portalegre,2017,12,Dezembro,9.27,12.18,6.35,85.0
Portalegre,2018,1,Janeiro,8.49,11.61,5.36,74.5
Portalegre,2018,2,Fevereiro,8.23,12.11,4.36,57.6
Portalegre,2018,3,Março,8.63,12.21,5.05,354.7
Portalegre,2018,4,Abril,12.59,16.82,8.36,140.7
Portalegre,2018,5,Maio,15.86,20.85,10.87,65.5
Portalegre,2018,6,Junho,19.49,25.37,13.62,23.7
Portalegre,2018,7,Julho,21.11,28.21,14.01,2.9
Portalegre,2018,8,Agosto,27.43,34.1,20.76,10.9
Portalegre,2018,9,Setembro,25.34,30.86,19.82,12.9
Portalegre,2018,10,Outubro,17.1,21.05,13.15,113.5
Portalegre,2018,11,Novembro,10.81,13.67,7.96,167.2
Portalegre,2018,12,Dezembro,11.15,14.09,8.21,45.4
Portalegre,2019,1,Janeiro,9.51,12.64,6.38,41.8
Portalegre,2019,2,Fevereiro,11.22,14.97,7.47,43.5
Portalegre,2019,3,Março,13.5,17.85,9.15,44.9
Portalegre,2019,4,Abril,12.5,17.05,7.95,127.2
Portalegre,2019,5,Maio,19.05,24.64,13.46,28.7
Portalegre,2019,6,Junho,19.13,25.59,12.67,7.6
Portalegre,2019,7,Julho,23.0,30.43,15.57,5.8
Portalegre,2019,8,Agosto,24.26,31.41,17.12,26.2
Portalegre,2019,9,Setembro,22.66,27.98,17.33,27.0
Portalegre,2019,10,Outubro,17.38,21.85,12.91,76.3
Portalegre,2019,11,Novembro,10.41,13.03,7.8,182.1
Portalegre,2019,12,Dezembro,11.3,13.93,8.68,235.5
Portalegre,2020,1,Janeiro,9.12,11.79,6.45,74.9
Portalegre,2020,2,Fevereiro,13.03,16.55,9.52,19.3
Portalegre,2020,3,Março,11.69,15.84,7.54,82.9
Portalegre,2020,4,Abril,13.14,17.09,9.19,124.2
Portalegre,2020,5,Maio,19.64,24.37,14.91,89.0
Portalegre,2020,6,Junho,19.76,26.24,13.29,4.4
Portalegre,2020,7,Julho,27.83,34.97,20.69,2.8
Portalegre,2020,8,Agosto,24.3,31.24,17.37,2.0
Portalegre,2020,9,Setembro,22.79,27.88,17.69,34.9
Portalegre,2020,10,Outubro,15.77,19.72,11.81,195.3
Portalegre,2020,11,Novembro,13.68,16.28,11.08,107.9
Portalegre,2020,12,Dezembro,8.81,11.15,6.47,87.3
Porto,2015,1,Janeiro,9.1,13.28,4.91,116.3
Porto,2015,2,Fevereiro,9.5,13.18,5.83,73.5
Porto,2015,3,Março,12.29,16.55,8.04,27.8
Porto,2015,4,Abril,15.85,19.98,11.73,59.1
Porto,2015,5,Maio,17.61,21.68,13.55,128.8
Porto,2015,6,Junho,19.62,23.99,15.24,48.6
Porto,2015,7,Julho,19.75,23.63,15.87,9.0
Porto,2015,8,Agosto,19.84,24.21,15.48,23.9
Porto,2015,9,Setembro,17.82,22.18,13.46,131.6
Porto,2015,10,Outubro,17.76,21.23,14.29,145.5
Porto,2015,11,Novembro,14.68,18.72,10.64,76.4
Porto,2015,12,Dezembro,13.8,17.18,10.43,153.5
Porto,2016,1,Janeiro,11.97,14.98,8.97,347.1
Porto,2016,2,Fevereiro,10.71,14.03,7.38,248.8
Porto,2016,3,Março,11.13,14.91,7.35,117.2
Porto,2016,4,Abril,13.02,16.77,9.27,166.5
Porto,2016,5,Maio,15.75,19.21,12.28,178.7
Porto,2016,6,Junho,18.59,22.69,14.5,34.9
Porto,2016,7,Julho,21.3,26.65,15.95,0.0
Porto,2016,8,Agosto,21.29,26.35,16.24,9.8
Porto,2016,9,Setembro,18.94,23.93,13.95,46.8
Porto,2016,10,Outubro,17.67,21.63,13.71,109.9
Porto,2016,11,Novembro,12.82,16.75,8.89,210.2
Porto,2016,12,Dezembro,12.36,16.62,8.1,59.2
Porto,2017,1,Janeiro,9.75,14.27,5.22,95.7
Porto,2017,2,Fevereiro,12.34,16.07,8.61,163.8
Porto,2017,3,Março,13.43,17.39,9.48,116.8
Porto,2017,4,Abril,16.87,21.74,12.0,18.1
Porto,2017,5,Maio,18.42,22.83,14.02,110.4
Porto,2017,6,Junho,19.63,23.99,15.28,19.9
Porto,2017,7,Julho,19.19,23.61,14.77,4.4
Porto,2017,8,Agosto,19.48,23.91,15.04,2.2
Porto,2017,9,Setembro,17.09,21.39,12.8,13.4
Porto,2017,10,Outubro,18.43,23.39,13.48,43.5
Porto,2017,11,Novembro,13.55,18.33,8.78,65.7
Porto,2017,12,Dezembro,10.93,14.89,6.96,142.4
Porto,2018,1,Janeiro,10.3,14.08,6.53,153.5
Porto,2018,2,Fevereiro,9.82,14.32,5.31,87.9
Porto,2018,3,Março,10.88,13.88,7.88,260.3
Porto,2018,4,Abril,13.65,17.43,9.87,176.4
Porto,2018,5,Maio,15.99,19.76,12.23,29.3
Porto,2018,6,Junho,17.8,21.63,13.96,61.3
Porto,2018,7,Julho,18.96,22.66,15.27,14.1
Porto,2018,8,Agosto,22.01,27.29,16.72,1.9
Porto,2018,9,Setembro,20.93,25.79,16.08,11.0
Porto,2018,10,Outubro,17.58,22.16,12.99,113.0
Porto,2018,11,Novembro,13.25,16.22,10.28,266.1
Porto,2018,12,Dezembro,12.82,15.93,9.7,135.0
Porto,2019,1,Janeiro,10.18,14.6,5.76,63.6
Porto,2019,2,Fevereiro,12.17,17.02,7.32,45.6
Porto,2019,3,Março,13.68,18.47,8.89,67.0
Porto,2019,4,Abril,13.57,17.29,9.85,129.3
Porto,2019,5,Maio,17.57,22.17,12.97,7.6
Porto,2019,6,Junho,16.91,20.71,13.11,66.8
Porto,2019,7,Julho,19.94,23.91,15.97,8.5
Porto,2019,8,Agosto,19.61,23.56,15.65,47.1
Porto,2019,9,Setembro,20.25,24.82,15.68,19.5
Porto,2019,10,Outubro,16.51,20.12,12.9,312.7
Porto,2019,11,Novembro,12.73,15.43,10.02,240.2
Porto,2019,12,Dezembro,12.07,15.51,8.64,250.3
Porto,2020,1,Janeiro,11.2,14.78,7.62,111.5
Porto,2020,2,Fevereiro,13.3,17.01,9.59,72.8
Porto,2020,3,Março,12.66,16.52,8.8,68.8
Porto,2020,4,Abril,14.44,17.79,11.08,101.1
Porto,2020,5,Maio,18.54,22.45,14.63,54.5
Porto,2020,6,Junho,17.73,21.3,14.15,12.5
Porto,2020,7,Julho,21.78,26.9,16.66,0.1
Porto,2020,8,Agosto,18.76,22.92,14.6,27.5
Porto,2020,9,Setembro,20.61,25.48,15.73,43.6
Porto,2020,10,Outubro,15.53,19.2,11.86,106.0
Porto,2020,11,Novembro,14.76,18.12,11.41,63.6
Porto,2020,12,Dezembro,10.94,14.32,7.55,180.4
Santarém,2015,1,Janeiro,9.51,14.55,4.47,66.8
Santarém,2015,2,Fevereiro,10.38,14.47,6.29,14.8
Santarém,2015,3,Março,13.8,19.6,7.99,10.6
Santarém,2015,4,Abril,16.7,22.32,11.09,58.1
Santarém,2015,5,Maio,20.18,27.22,13.14,1.4
Santarém,2015,6,Junho,22.59,30.3,14.89,4.6
Santarém,2015,7,Julho,23.57,30.21,16.94,0.0
Santarém,2015,8,Agosto,23.41,30.5,16.32,2.8
Santarém,2015,9,Setembro,20.9,27.58,14.22,6.1
Santarém,2015,10,Outubro,18.4,22.74,14.07,159.7
Santarém,2015,11,Novembro,15.13,20.19,10.06,18.0
Santarém,2015,12,Dezembro,13.02,17.37,8.67,58.0
Santarém,2016,1,Janeiro,12.38,16.25,8.51,99.5
Santarém,2016,2,Fevereiro,11.94,16.05,7.83,75.1
Santarém,2016,3,Março,12.35,17.8,6.9,51.7
Santarém,2016,4,Abril,14.81,20.04,9.58,94.4
Santarém,2016,5,Maio,17.18,22.81,11.55,119.1
Santarém,2016,6,Junho,21.73,29.02,14.43,1.8
Santarém,2016,7,Julho,25.61,34.65,16.58,0.8
Santarém,2016,8,Agosto,25.67,34.31,17.02,0.0
Santarém,2016,9,Setembro,23.57,31.79,15.35,18.8
Santarém,2016,10,Outubro,19.8,26.38,13.23,36.5
Santarém,2016,11,Novembro,14.29,19.35,9.22,70.6
Santarém,2016,12,Dezembro,12.25,17.09,7.42,93.7
Santarém,2017,1,Janeiro,9.66,15.05,4.27,80.3
Santarém,2017,2,Fevereiro,12.89,17.77,8.01,49.0
Santarém,2017,3,Março,14.39,19.9,8.88,60.5
Santarém,2017,4,Abril,18.49,25.97,11.02,3.0
Santarém,2017,5,Maio,20.45,27.45,13.45,58.6
Santarém,2017,6,Junho,23.88,31.76,15.99,0.5
Santarém,2017,7,Julho,24.08,31.88,16.28,1.0
Santarém,2017,8,Agosto,24.67,33.15,16.18,10.7
Santarém,2017,9,Setembro,22.07,30.24,13.9,0.3
Santarém,2017,10,Outubro,22.0,30.18,13.82,31.6
Santarém,2017,11,Novembro,14.72,20.52,8.91,42.2
Santarém,2017,12,Dezembro,11.18,16.43,5.93,43.5
Santarém,2018,1,Janeiro,10.83,15.89,5.76,53.6
Santarém,2018,2,Fevereiro,11.02,16.69,5.36,34.0
Santarém,2018,3,Março,12.38,16.75,8.01,190.4
Santarém,2018,4,Abril,15.11,20.64,9.58,114.0
Santarém,2018,5,Maio,17.79,24.22,11.36,35.0
Santarém,2018,6,Junho,20.7,26.73,14.66,50.6
Santarém,2018,7,Julho,22.12,28.02,16.22,0.0
Santarém,2018,8,Agosto,26.0,34.71,17.3,0.0
Santarém,2018,9,Setembro,25.49,34.32,16.66,0.1
Santarém,2018,10,Outubro,19.41,25.97,12.85,33.8
Santarém,2018,11,Novembro,13.6,18.05,9.15,163.1
Santarém,2018,12,Dezembro,12.07,16.84,7.3,41.3
Santarém,2019,1,Janeiro,10.32,15.84,4.79,29.9
Santarém,2019,2,Fevereiro,12.83,19.13,6.53,52.5
Santarém,2019,3,Março,14.94,21.75,8.13,30.1
Santarém,2019,4,Abril,14.99,20.7,9.28,98.7
Santarém,2019,5,Maio,20.22,27.45,12.99,9.3
Santarém,2019,6,Junho,20.18,27.32,13.03,11.6
Santarém,2019,7,Julho,23.69,30.81,16.56,1.2
Santarém,2019,8,Agosto,24.27,31.97,16.57,4.6
Santarém,2019,9,Setembro,23.58,31.75,15.42,15.6
Santarém,2019,10,Outubro,19.04,25.31,12.76,34.7
Santarém,2019,11,Novembro,14.26,17.85,10.67,84.5
Santarém,2019,12,Dezembro,12.78,16.96,8.61,122.2
Santarém,2020,1,Janeiro,10.94,15.63,6.24,42.2
Santarém,2020,2,Fevereiro,14.3,20.1,8.51,8.8
Santarém,2020,3,Março,14.45,19.7,9.19,24.5
Santarém,2020,4,Abril,15.52,20.61,10.42,122.8
Santarém,2020,5,Maio,20.56,27.26,13.85,43.3
Santarém,2020,6,Junho,20.91,27.36,14.47,1.5
Santarém,2020,7,Julho,26.31,35.69,16.94,4.3
Santarém,2020,8,Agosto,24.32,31.76,16.88,0.9
Santarém,2020,9,Setembro,24.05,32.0,16.09,28.4
Santarém,2020,10,Outubro,17.76,23.95,11.57,85.6
Santarém,2020,11,Novembro,15.31,19.49,11.13,87.1
Santarém,2020,12,Dezembro,11.46,15.93,6.99,92.6
Setúbal,2015,1,Janeiro,10.35,16.03,4.66,60.7
Setúbal,2015,2,Fevereiro,10.77,16.02,5.51,13.3
Setúbal,2015,3,Março,13.74,20.49,6.99,41.4
Setúbal,2015,4,Abril,15.83,22.75,8.91,87.4
Setúbal,2015,5,Maio,19.78,27.44,12.11,3.3
Setúbal,2015,6,Junho,21.98,30.32,13.63,6.9
Setúbal,2015,7,Julho,23.89,31.57,16.21,0.0
Setúbal,2015,8,Agosto,23.15,31.1,15.2,1.9
Setúbal,2015,9,Setembro,20.5,28.27,12.72,3.9
Setúbal,2015,10,Outubro,18.5,23.61,13.39,116.7
Setúbal,2015,11,Novembro,14.96,21.26,8.66,51.9
Setúbal,2015,12,Dezembro,12.38,18.52,6.25,175.4
Setúbal,2016,1,Janeiro,12.44,17.63,7.25,114.8
Setúbal,2016,2,Fevereiro,11.96,16.92,6.99,74.0
Setúbal,2016,3,Março,11.96,17.85,6.06,27.7
Setúbal,2016,4,Abril,14.94,20.14,9.73,73.8
Setúbal,2016,5,Maio,17.15,22.75,11.55,175.5
Setúbal,2016,6,Junho,21.81,28.78,14.85,0.7
Setúbal,2016,7,Julho,24.88,32.81,16.95,9.4
Setúbal,2016,8,Agosto,25.01,33.6,16.42,0.0
Setúbal,2016,9,Setembro,22.81,30.62,14.99,12.3
Setúbal,2016,10,Outubro,18.47,25.31,11.64,54.0
Setúbal,2016,11,Novembro,13.77,19.46,8.07,104.3
Setúbal,2016,12,Dezembro,11.63,17.64,5.63,89.1
Setúbal,2017,1,Janeiro,9.56,15.52,3.59,45.6
Setúbal,2017,2,Fevereiro,12.4,17.9,6.9,79.4
Setúbal,2017,3,Março,13.76,19.92,7.59,89.1
Setúbal,2017,4,Abril,17.23,25.42,9.03,2.0
Setúbal,2017,5,Maio,19.84,26.82,12.86,71.7
Setúbal,2017,6,Junho,23.63,31.44,15.81,4.4
Setúbal,2017,7,Julho,23.94,31.51,16.37,0.0
Setúbal,2017,8,Agosto,24.1,32.02,16.18,0.1
Setúbal,2017,9,Setembro,22.12,29.7,14.54,0.0
Setúbal,2017,10,Outubro,20.95,29.43,12.48,15.7
Setúbal,2017,11,Novembro,14.64,20.97,8.31,41.3
Setúbal,2017,12,Dezembro,10.75,16.95,4.55,46.3
Setúbal,2018,1,Janeiro,11.12,16.34,5.91,83.1
Setúbal,2018,2,Fevereiro,10.66,16.17,5.15,51.0
Setúbal,2018,3,Março,12.59,16.83,8.35,167.7
Setúbal,2018,4,Abril,14.24,19.9,8.59,99.7
Setúbal,2018,5,Maio,16.91,22.96,10.85,7.2
Setúbal,2018,6,Junho,20.58,26.51,14.65,25.0
Setúbal,2018,7,Julho,21.93,28.19,15.67,0.4
Setúbal,2018,8,Agosto,25.23,33.85,16.61,0.0
Setúbal,2018,9,Setembro,23.82,31.82,15.81,0.0
Setúbal,2018,10,Outubro,18.49,25.39,11.59,35.3
Setúbal,2018,11,Novembro,13.37,18.48,8.26,36.8
Setúbal,2018,12,Dezembro,11.65,17.34,5.97,24.5
Setúbal,2019,1,Janeiro,10.31,15.94,4.68,24.2
Setúbal,2019,2,Fevereiro,12.0,18.81,5.2,45.0
Setúbal,2019,3,Março,14.5,21.84,7.16,24.5
Setúbal,2019,4,Abril,15.04,20.57,9.52,56.9
Setúbal,2019,5,Maio,20.3,27.27,13.33,7.9
Setúbal,2019,6,Junho,19.55,26.14,12.95,7.9
Setúbal,2019,7,Julho,22.8,28.99,16.62,0.6
Setúbal,2019,8,Agosto,23.8,30.76,16.84,0.7
Setúbal,2019,9,Setembro,22.11,29.17,15.06,24.8
Setúbal,2019,10,Outubro,18.08,23.69,12.46,54.3
Setúbal,2019,11,Novembro,14.54,18.49,10.6,77.3
Setúbal,2019,12,Dezembro,12.69,17.21,8.16,131.1
Setúbal,2020,1,Janeiro,11.0,15.9,6.1,63.4
Setúbal,2020,2,Fevereiro,13.18,19.38,6.97,7.6
Setúbal,2020,3,Março,14.4,19.93,8.88,20.4
Setúbal,2020,4,Abril,15.09,20.26,9.92,106.8
Setúbal,2020,5,Maio,19.72,26.5,12.94,69.1
Setúbal,2020,6,Junho,20.91,27.53,14.29,1.8
Setúbal,2020,7,Julho,24.67,32.62,16.72,2.0
Setúbal,2020,8,Agosto,23.95,30.7,17.21,0.3
Setúbal,2020,9,Setembro,22.1,28.92,15.28,27.3
Setúbal,2020,10,Outubro,17.55,23.27,11.84,118.0
Setúbal,2020,11,Novembro,14.7,19.61,9.79,25.6
Setúbal,2020,12,Dezembro,11.33,16.01,6.65,77.2
Viana do Castelo,2015,1,Janeiro,7.86,12.27,3.45,134.0
Viana do Castelo,2015,2,Fevereiro,8.97,13.01,4.93,101.5
Viana do Castelo,2015,3,Março,11.84,16.87,6.81,55.4
Viana do Castelo,2015,4,Abril,14.99,20.08,9.91,66.9
Viana do Castelo,2015,5,Maio,16.87,21.72,12.03,148.8
Viana do Castelo,2015,6,Junho,19.08,24.12,14.03,37.0
Viana do Castelo,2015,7,Julho,19.39,24.22,14.55,21.0
Viana do Castelo,2015,8,Agosto,19.19,24.09,14.28,24.9
Viana do Castelo,2015,9,Setembro,17.13,22.1,12.16,118.6
Viana do Castelo,2015,10,Outubro,16.78,21.06,12.5,235.2
Viana do Castelo,2015,11,Novembro,13.86,17.77,9.94,57.5
Viana do Castelo,2015,12,Dezembro,12.65,16.28,9.02,139.7
Viana do Castelo,2016,1,Janeiro,11.08,14.42,7.75,274.3
Viana do Castelo,2016,2,Fevereiro,10.26,13.9,6.62,183.4
Viana do Castelo,2016,3,Março,11.0,15.39,6.62,116.6
Viana do Castelo,2016,4,Abril,12.94,17.49,8.39,217.3
Viana do Castelo,2016,5,Maio,15.22,19.41,11.04,152.3
Viana do Castelo,2016,6,Junho,18.06,22.76,13.35,25.3
Viana do Castelo,2016,7,Julho,21.01,26.9,15.13,0.0
Viana do Castelo,2016,8,Agosto,20.45,26.03,14.87,19.0
Viana do Castelo,2016,9,Setembro,18.06,23.53,12.6,65.6
Viana do Castelo,2016,10,Outubro,16.35,20.85,11.85,102.4
Viana do Castelo,2016,11,Novembro,11.76,16.06,7.46,167.1
Viana do Castelo,2016,12,Dezembro,10.58,15.17,5.98,58.2
Viana do Castelo,2017,1,Janeiro,8.21,12.94,3.48,95.6
Viana do Castelo,2017,2,Fevereiro,11.47,15.71,7.23,177.1
Viana do Castelo,2017,3,Março,12.77,17.76,7.78,99.4
Viana do Castelo,2017,4,Abril,15.37,21.33,9.41,14.2
Viana do Castelo,2017,5,Maio,17.6,22.46,12.74,101.5
Viana do Castelo,2017,6,Junho,18.66,23.75,13.56,25.0
Viana do Castelo,2017,7,Julho,19.78,24.56,15.0,13.6
Viana do Castelo,2017,8,Agosto,19.8,25.17,14.43,6.7
Viana do Castelo,2017,9,Setembro,17.1,22.32,11.88,8.4
Viana do Castelo,2017,10,Outubro,17.26,23.35,11.17,60.1
Viana do Castelo,2017,11,Novembro,11.99,16.94,7.05,79.8
Viana do Castelo,2017,12,Dezembro,9.43,13.83,5.04,153.3
Viana do Castelo,2018,1,Janeiro,9.43,13.34,5.53,156.7
Viana do Castelo,2018,2,Fevereiro,9.03,13.71,4.35,67.7
Viana do Castelo,2018,3,Março,10.61,14.31,6.91,277.2
Viana do Castelo,2018,4,Abril,13.39,17.8,8.99,168.0
Viana do Castelo,2018,5,Maio,15.35,19.66,11.04,52.8
Viana do Castelo,2018,6,Junho,17.87,21.79,13.95,48.8
Viana do Castelo,2018,7,Julho,19.35,23.13,15.57,20.3
Viana do Castelo,2018,8,Agosto,21.57,27.25,15.88,9.5
Viana do Castelo,2018,9,Setembro,19.71,24.59,14.83,14.2
Viana do Castelo,2018,10,Outubro,16.35,21.44,11.26,140.0
Viana do Castelo,2018,11,Novembro,12.36,15.61,9.11,311.7
Viana do Castelo,2018,12,Dezembro,11.78,15.09,8.48,156.0
Viana do Castelo,2019,1,Janeiro,8.61,13.31,3.91,85.4
Viana do Castelo,2019,2,Fevereiro,10.94,16.13,5.75,40.2
Viana do Castelo,2019,3,Março,12.75,17.98,7.52,92.2
Viana do Castelo,2019,4,Abril,12.75,16.99,8.51,145.7
Viana do Castelo,2019,5,Maio,17.25,22.86,11.65,24.0
Viana do Castelo,2019,6,Junho,16.8,21.63,11.97,56.1
Viana do Castelo,2019,7,Julho,20.33,25.33,15.33,16.2
Viana do Castelo,2019,8,Agosto,19.41,24.06,14.75,45.4
Viana do Castelo,2019,9,Setembro,20.36,25.78,14.95,40.3
Viana do Castelo,2019,10,Outubro,16.2,20.13,12.26,242.5
Viana do Castelo,2019,11,Novembro,12.65,15.62,9.68,274.7
Viana do Castelo,2019,12,Dezembro,11.84,16.19,7.48,223.5
Viana do Castelo,2020,1,Janeiro,10.18,14.44,5.91,160.2
Viana do Castelo,2020,2,Fevereiro,12.42,16.37,8.47,77.1
Viana do Castelo,2020,3,Março,12.25,16.7,7.8,83.7
Viana do Castelo,2020,4,Abril,14.09,18.33,9.86,122.2
Viana do Castelo,2020,5,Maio,18.09,22.68,13.5,65.2
Viana do Castelo,2020,6,Junho,17.18,21.63,12.74,36.5
Viana do Castelo,2020,7,Julho,21.63,27.0,16.26,0.7
Viana do Castelo,2020,8,Agosto,18.65,23.35,13.94,38.4
Viana do Castelo,2020,9,Setembro,19.66,24.88,14.45,65.9
Viana do Castelo,2020,10,Outubro,14.76,18.57,10.95,137.5
Viana do Castelo,2020,11,Novembro,13.68,17.19,10.16,98.3
Viana do Castelo,2020,12,Dezembro,10.08,13.65,6.51,303.4
Vila Real,2015,1,Janeiro,5.45,9.68,1.21,89.6
Vila Real,2015,2,Fevereiro,6.57,10.57,2.57,32.7
Vila Real,2015,3,Março,11.29,17.22,5.36,0.4
Vila Real,2015,4,Abril,13.72,19.08,8.35,39.5
Vila Real,2015,5,Maio,17.19,23.72,10.67,50.6
Vila Real,2015,6,Junho,21.39,28.55,14.23,20.7
Vila Real,2015,7,Julho,22.82,30.64,14.99,2.8
Vila Real,2015,8,Agosto,21.45,28.65,14.25,6.9
Vila Real,2015,9,Setembro,18.44,24.97,11.92,80.4
Vila Real,2015,10,Outubro,14.63,18.67,10.6,122.6
Vila Real,2015,11,Novembro,10.75,14.53,6.97,54.0
Vila Real,2015,12,Dezembro,8.62,12.13,5.1,50.2
Vila Real,2016,1,Janeiro,8.56,11.63,5.49,254.6
Vila Real,2016,2,Fevereiro,7.69,11.24,4.13,181.6
Vila Real,2016,3,Março,8.75,13.62,3.88,104.9
Vila Real,2016,4,Abril,11.19,16.16,6.22,200.0
Vila Real,2016,5,Maio,14.39,19.4,9.38,137.6
Vila Real,2016,6,Junho,19.09,25.51,12.66,23.0
Vila Real,2016,7,Julho,24.3,32.05,16.56,0.0
Vila Real,2016,8,Agosto,24.0,31.82,16.18,0.5
Vila Real,2016,9,Setembro,20.82,27.83,13.82,24.6
Vila Real,2016,10,Outubro,15.63,20.47,10.79,71.6
Vila Real,2016,11,Novembro,9.57,13.3,5.84,113.9
Vila Real,2016,12,Dezembro,6.82,10.27,3.37,37.2
Vila Real,2017,1,Janeiro,5.96,10.3,1.62,60.6
Vila Real,2017,2,Fevereiro,9.38,13.52,5.24,167.6
Vila Real,2017,3,Março,11.07,16.1,6.03,64.0
Vila Real,2017,4,Abril,15.24,21.95,8.53,11.2
Vila Real,2017,5,Maio,17.83,23.68,11.99,80.4
Vila Real,2017,6,Junho,21.7,28.46,14.94,11.0
Vila Real,2017,7,Julho,22.35,29.65,15.05,20.4
Vila Real,2017,8,Agosto,22.62,30.36,14.87,2.3
Vila Real,2017,9,Setembro,18.98,26.18,11.77,0.1
Vila Real,2017,10,Outubro,18.73,25.29,12.16,29.5
Vila Real,2017,11,Novembro,10.51,15.55,5.47,32.2
Vila Real,2017,12,Dezembro,7.38,11.34,3.42,149.2
Vila Real,2018,1,Janeiro,7.4,11.23,3.58,75.3
Vila Real,2018,2,Fevereiro,6.44,10.99,1.9,63.5
Vila Real,2018,3,Março,7.59,11.45,3.73,362.3
Vila Real,2018,4,Abril,12.21,17.08,7.34,112.6
Vila Real,2018,5,Maio,15.5,21.29,9.71,29.3
Vila Real,2018,6,Junho,18.83,24.42,13.24,89.1
Vila Real,2018,7,Julho,20.7,26.97,14.42,14.1
Vila Real,2018,8,Agosto,24.74,32.49,16.99,3.2
Vila Real,2018,9,Setembro,23.19,30.37,16.01,3.8
Vila Real,2018,10,Outubro,15.29,20.59,9.99,45.6
Vila Real,2018,11,Novembro,9.62,12.85,6.4,206.1
Vila Real,2018,12,Dezembro,8.56,11.79,5.34,71.6
Vila Real,2019,1,Janeiro,6.76,11.17,2.35,54.3
Vila Real,2019,2,Fevereiro,9.57,14.88,4.26,54.6
Vila Real,2019,3,Março,11.57,17.64,5.51,44.9
Vila Real,2019,4,Abril,11.6,16.45,6.75,139.8
Vila Real,2019,5,Maio,16.64,23.37,9.92,5.8
Vila Real,2019,6,Junho,16.55,22.36,10.74,37.7
Vila Real,2019,7,Julho,22.37,29.62,15.13,14.8
Vila Real,2019,8,Agosto,21.93,29.13,14.73,19.9
Vila Real,2019,9,Setembro,20.07,26.94,13.19,13.7
Vila Real,2019,10,Outubro,15.24,20.06,10.41,97.9
Vila Real,2019,11,Novembro,9.85,12.63,7.06,197.8
Vila Real,2019,12,Dezembro,8.41,11.94,4.88,277.4
Vila Real,2020,1,Janeiro,6.58,10.18,2.97,84.0
Vila Real,2020,2,Fevereiro,10.84,15.37,6.32,22.8
Vila Real,2020,3,Março,11.08,16.03,6.13,96.2
Vila Real,2020,4,Abril,12.66,17.07,8.25,122.0
Vila Real,2020,5,Maio,18.51,24.71,12.31,51.0
Vila Real,2020,6,Junho,18.14,24.39,11.9,6.5
Vila Real,2020,7,Julho,25.53,33.64,17.43,6.0
Vila Real,2020,8,Agosto,21.69,28.71,14.67,26.7
Vila Real,2020,9,Setembro,20.14,26.41,13.87,27.4
Vila Real,2020,10,Outubro,13.32,17.75,8.89,130.3
Vila Real,2020,11,Novembro,11.07,14.63,7.51,99.9
Vila Real,2020,12,Dezembro,7.31,10.67,3.95,127.0
Viseu,2015,1,Janeiro,7.28,11.34,3.22,133.1
Viseu,2015,2,Fevereiro,6.05,9.77,2.33,61.2
Viseu,2015,3,Março,10.69,16.4,4.97,5.8
Viseu,2015,4,Abril,13.26,18.16,8.35,83.2
Viseu,2015,5,Maio,16.57,22.51,10.63,82.1
Viseu,2015,6,Junho,20.67,27.42,13.92,32.2
Viseu,2015,7,Julho,21.98,29.92,14.04,0.5
Viseu,2015,8,Agosto,20.86,27.81,13.92,11.2
Viseu,2015,9,Setembro,18.25,24.26,12.24,145.5
Viseu,2015,10,Outubro,14.39,18.05,10.74,217.3
Viseu,2015,11,Novembro,12.51,16.53,8.49,84.6
Viseu,2015,12,Dezembro,10.82,14.17,7.47,105.7
Viseu,2016,1,Janeiro,8.19,11.14,5.24,391.7
Viseu,2016,2,Fevereiro,7.35,10.89,3.8,278.0
Viseu,2016,3,Março,8.13,13.09,3.16,76.6
Viseu,2016,4,Abril,10.77,15.56,5.98,223.9
Viseu,2016,5,Maio,13.66,18.55,8.77,176.9
Viseu,2016,6,Junho,18.57,24.74,12.41,21.4
Viseu,2016,7,Julho,24.05,31.56,16.54,4.2
Viseu,2016,8,Agosto,23.75,31.77,15.72,8.5
Viseu,2016,9,Setembro,20.78,27.64,13.91,31.0
Viseu,2016,10,Outubro,16.02,20.96,11.09,120.8
Viseu,2016,11,Novembro,9.8,13.52,6.07,151.5
Viseu,2016,12,Dezembro,9.34,13.68,5.01,43.8
Viseu,2017,1,Janeiro,7.02,11.26,2.78,77.5
Viseu,2017,2,Fevereiro,9.25,13.47,5.03,179.3
Viseu,2017,3,Março,10.74,15.52,5.97,92.9
Viseu,2017,4,Abril,15.29,21.65,8.92,21.0
Viseu,2017,5,Maio,16.92,22.54,11.29,101.6
Viseu,2017,6,Junho,20.77,27.5,14.05,17.6
Viseu,2017,7,Julho,21.82,29.42,14.23,10.9
Viseu,2017,8,Agosto,22.33,30.53,14.13,26.7
Viseu,2017,9,Setembro,19.13,26.56,11.7,1.2
Viseu,2017,10,Outubro,19.68,25.81,13.55,45.7
Viseu,2017,11,Novembro,11.59,16.51,6.66,69.9
Viseu,2017,12,Dezembro,7.97,11.89,4.04,160.2
Viseu,2018,1,Janeiro,7.29,11.21,3.36,111.5
Viseu,2018,2,Fevereiro,6.47,11.54,1.4,58.8
Viseu,2018,3,Março,6.88,10.65,3.11,482.7
Viseu,2018,4,Abril,11.61,16.38,6.84,151.2
Viseu,2018,5,Maio,14.56,20.08,9.03,31.0
Viseu,2018,6,Junho,17.49,22.67,12.32,85.4
Viseu,2018,7,Julho,19.3,25.29,13.31,16.6
Viseu,2018,8,Agosto,24.36,31.45,17.28,0.4
Viseu,2018,9,Setembro,23.07,29.54,16.6,13.4
Viseu,2018,10,Outubro,15.1,19.97,10.23,44.8
Viseu,2018,11,Novembro,9.35,12.39,6.3,265.9
Viseu,2018,12,Dezembro,9.58,12.86,6.31,99.1
Viseu,2019,1,Janeiro,7.81,11.93,3.69,70.3
Viseu,2019,2,Fevereiro,10.25,14.89,5.61,67.1
Viseu,2019,3,Março,11.58,17.01,6.14,64.1
Viseu,2019,4,Abril,10.83,15.37,6.29,205.2
Viseu,2019,5,Maio,16.32,22.53,10.11,22.2
Viseu,2019,6,Junho,15.45,21.06,9.84,36.3
Viseu,2019,7,Julho,20.86,27.7,14.02,5.5
Viseu,2019,8,Agosto,20.98,27.69,14.26,21.7
Viseu,2019,9,Setembro,19.25,25.48,13.01,37.6
Viseu,2019,10,Outubro,14.82,19.19,10.45,134.1
Viseu,2019,11,Novembro,8.85,11.55,6.14,258.0
Viseu,2019,12,Dezembro,9.37,12.72,6.02,340.8
Viseu,2020,1,Janeiro,7.87,11.13,4.62,106.4
Viseu,2020,2,Fevereiro,11.09,15.19,6.99,47.5
Viseu,2020,3,Março,10.64,15.12,6.15,126.7
Viseu,2020,4,Abril,11.57,15.66,7.48,153.4
Viseu,2020,5,Maio,17.68,23.2,12.15,44.2
Viseu,2020,6,Junho,17.22,22.94,11.5,13.3
Viseu,2020,7,Julho,24.8,32.11,17.48,11.7
Viseu,2020,8,Agosto,20.89,27.52,14.26,39.6
Viseu,2020,9,Setembro,20.08,25.56,14.61,88.4
Viseu,2020,10,Outubro,13.31,17.46,9.17,181.0
Viseu,2020,11,Novembro,11.95,15.18,8.71,117.1
Viseu,2020,12,Dezembro,7.33,10.05,4.62,177.5
Évora,2015,1,Janeiro,,,,67.3
Évora,2015,2,Fevereiro,,,,13.1
Évora,2015,3,Março,,,,17.9
Évora,2015,4,Abril,,,,59.5
Évora,2015,5,Maio,,,,2.6
Évora,2015,6,Junho,,,,0.3
Évora,2015,7,Julho,,,,0.0
Évora,2015,8,Agosto,,,,0.8
Évora,2015,9,Setembro,,,,9.8
Évora,2015,10,Outubro,,,,95.7
Évora,2015,11,Novembro,,,,33.1
Évora,2015,12,Dezembro,,,,29.5
Évora,2016,1,Janeiro,,,,92.6
Évora,2016,2,Fevereiro,,,,53.2
Évora,2016,3,Março,,,,28.3
Évora,2016,4,Abril,,,,60.6
Évora,2016,5,Maio,,,,82.5
Évora,2016,6,Junho,,,,0.0
Évora,2016,7,Julho,,,,0.8
Évora,2016,8,Agosto,,,,0.0
Évora,2016,9,Setembro,,,,8.1
Évora,2016,10,Outubro,,,,58.7
Évora,2016,11,Novembro,,,,60.0
Évora,2016,12,Dezembro,,,,57.7
Évora,2017,1,Janeiro,,,,29.9
Évora,2017,2,Fevereiro,,,,59.4
Évora,2017,3,Março,,,,77.8
Évora,2017,4,Abril,,,,0.0
Évora,2017,5,Maio,,,,44.5
Évora,2017,6,Junho,,,,8.2
Évora,2017,7,Julho,,,,0.0
Évora,2017,8,Agosto,,,,16.9
Évora,2017,9,Setembro,,,,0.0
Évora,2017,10,Outubro,,,,21.1
Évora,2017,11,Novembro,,,,45.1
Évora,2017,12,Dezembro,,,,43.0
Évora,2018,1,Janeiro,,,,50.3
Évora,2018,2,Fevereiro,,,,57.9
Évora,2018,3,Março,,,,229.8
Évora,2018,4,Abril,,,,89.4
Évora,2018,5,Maio,,,,63.7
Évora,2018,6,Junho,,,,22.3
Évora,2018,7,Julho,,,,0.8
Évora,2018,8,Agosto,,,,0.2
Évora,2018,9,Setembro,,,,5.4
Évora,2018,10,Outubro,,,,50.6
Évora,2018,11,Novembro,,,,124.3
Évora,2018,12,Dezembro,,,,22.1
Évora,2019,1,Janeiro,,,,15.5
Évora,2019,2,Fevereiro,,,,42.4
Évora,2019,3,Março,,,,15.7
Évora,2019,4,Abril,,,,91.6
Évora,2019,5,Maio,,,,8.8
Évora,2019,6,Junho,,,,3.1
Évora,2019,7,Julho,,,,1.8
Évora,2019,8,Agosto,,,,3.3
Évora,2019,9,Setembro,,,,15.4
Évora,2019,10,Outubro,,,,26.7
Évora,2019,11,Novembro,,,,116.8
Évora,2019,12,Dezembro,,,,113.3
Évora,2020,1,Janeiro,,,,52.4
Évora,2020,2,Fevereiro,,,,4.7
Évora,2020,3,Março,,,,59.9
Évora,2020,4,Abril,,,,111.0
Évora,2020,5,Maio,,,,57.0
Évora,2020,6,Junho,,,,3.9
Évora,2020,7,Julho,,,,27.2
Évora,2020,8,Agosto,,,,0.5
Évora,2020,9,Setembro,,,,20.7
Évora,2020,10,Outubro,,,,127.8
Évora,2020,11,Novembro,,,,94.5
Évora,2020,12,Dezembro,,,,66.8
